{"epoch": 0, "time_epoch": 5.57125, "eta": 272.99132, "eta_hours": 0.07583, "loss": 1.79211635, "lr": 0.0, "params": 1296262, "time_iter": 0.69641, "accuracy": 0.21042, "f1": 0.19591, "auc": 0.53903}
{"epoch": 1, "time_epoch": 10.02905, "eta": 374.40726, "eta_hours": 0.104, "loss": 1.77562914, "lr": 0.0001, "params": 1296262, "time_iter": 1.25363, "accuracy": 0.21667, "f1": 0.18969, "auc": 0.5651}
{"epoch": 2, "time_epoch": 10.85735, "eta": 414.50319, "eta_hours": 0.11514, "loss": 1.7586027, "lr": 0.0002, "params": 1296262, "time_iter": 1.35717, "accuracy": 0.21875, "f1": 0.18929, "auc": 0.58464}
{"epoch": 3, "time_epoch": 11.59096, "eta": 437.55904, "eta_hours": 0.12154, "loss": 1.73116292, "lr": 0.0003, "params": 1296262, "time_iter": 1.44887, "accuracy": 0.23125, "f1": 0.20112, "auc": 0.60766}
{"epoch": 4, "time_epoch": 11.77473, "eta": 448.41007, "eta_hours": 0.12456, "loss": 1.7333692, "lr": 0.0004, "params": 1296262, "time_iter": 1.47184, "accuracy": 0.24792, "f1": 0.23409, "auc": 0.60881}
{"epoch": 5, "time_epoch": 10.61644, "eta": 443.22507, "eta_hours": 0.12312, "loss": 1.71903637, "lr": 0.0005, "params": 1296262, "time_iter": 1.32706, "accuracy": 0.25833, "f1": 0.24843, "auc": 0.62105}
{"epoch": 6, "time_epoch": 11.80079, "eta": 443.76353, "eta_hours": 0.12327, "loss": 1.71234188, "lr": 0.0006, "params": 1296262, "time_iter": 1.4751, "accuracy": 0.26667, "f1": 0.24046, "auc": 0.6307}
{"epoch": 7, "time_epoch": 11.37382, "eta": 438.97558, "eta_hours": 0.12194, "loss": 1.69595598, "lr": 0.0007, "params": 1296262, "time_iter": 1.42173, "accuracy": 0.26667, "f1": 0.24805, "auc": 0.64682}
{"epoch": 8, "time_epoch": 10.45538, "eta": 428.54008, "eta_hours": 0.11904, "loss": 1.67482162, "lr": 0.0008, "params": 1296262, "time_iter": 1.30692, "accuracy": 0.28333, "f1": 0.27266, "auc": 0.65333}
{"epoch": 9, "time_epoch": 10.78375, "eta": 419.4141, "eta_hours": 0.1165, "loss": 1.65968742, "lr": 0.0009, "params": 1296262, "time_iter": 1.34797, "accuracy": 0.32083, "f1": 0.30136, "auc": 0.66398}
{"epoch": 10, "time_epoch": 10.15163, "eta": 407.74556, "eta_hours": 0.11326, "loss": 1.64885451, "lr": 0.001, "params": 1296262, "time_iter": 1.26895, "accuracy": 0.30833, "f1": 0.28127, "auc": 0.67467}
{"epoch": 11, "time_epoch": 10.62093, "eta": 397.81595, "eta_hours": 0.1105, "loss": 1.60751704, "lr": 0.00099846, "params": 1296262, "time_iter": 1.32762, "accuracy": 0.33958, "f1": 0.3243, "auc": 0.70042}
{"epoch": 12, "time_epoch": 11.36711, "eta": 389.90372, "eta_hours": 0.10831, "loss": 1.61790016, "lr": 0.00099384, "params": 1296262, "time_iter": 1.42089, "accuracy": 0.325, "f1": 0.30417, "auc": 0.68603}
{"epoch": 13, "time_epoch": 9.80823, "eta": 377.48937, "eta_hours": 0.10486, "loss": 1.62022025, "lr": 0.00098618, "params": 1296262, "time_iter": 1.22603, "accuracy": 0.31875, "f1": 0.30396, "auc": 0.68746}
{"epoch": 14, "time_epoch": 9.91854, "eta": 365.67992, "eta_hours": 0.10158, "loss": 1.57418578, "lr": 0.00097553, "params": 1296262, "time_iter": 1.23982, "accuracy": 0.35208, "f1": 0.33753, "auc": 0.70995}
{"epoch": 15, "time_epoch": 9.96658, "eta": 354.20891, "eta_hours": 0.09839, "loss": 1.57729126, "lr": 0.00096194, "params": 1296262, "time_iter": 1.24582, "accuracy": 0.35833, "f1": 0.33999, "auc": 0.71551}
{"epoch": 16, "time_epoch": 9.60891, "eta": 342.22059, "eta_hours": 0.09506, "loss": 1.57455808, "lr": 0.0009455, "params": 1296262, "time_iter": 1.20111, "accuracy": 0.36667, "f1": 0.3436, "auc": 0.71316}
{"epoch": 17, "time_epoch": 9.9484, "eta": 331.1002, "eta_hours": 0.09197, "loss": 1.56423411, "lr": 0.00092632, "params": 1296262, "time_iter": 1.24355, "accuracy": 0.33125, "f1": 0.31778, "auc": 0.72088}
{"epoch": 18, "time_epoch": 10.17508, "eta": 320.47302, "eta_hours": 0.08902, "loss": 1.55454785, "lr": 0.00090451, "params": 1296262, "time_iter": 1.27189, "accuracy": 0.3625, "f1": 0.35586, "auc": 0.72499}
{"epoch": 19, "time_epoch": 10.56606, "eta": 310.4775, "eta_hours": 0.08624, "loss": 1.51105196, "lr": 0.0008802, "params": 1296262, "time_iter": 1.32076, "accuracy": 0.40625, "f1": 0.39224, "auc": 0.74752}
{"epoch": 20, "time_epoch": 9.37633, "eta": 298.7847, "eta_hours": 0.083, "loss": 1.49647703, "lr": 0.00085355, "params": 1296262, "time_iter": 1.17204, "accuracy": 0.37708, "f1": 0.35896, "auc": 0.75044}
{"epoch": 21, "time_epoch": 9.788, "eta": 287.82643, "eta_hours": 0.07995, "loss": 1.5460064, "lr": 0.00082472, "params": 1296262, "time_iter": 1.2235, "accuracy": 0.37917, "f1": 0.36985, "auc": 0.72863}
{"epoch": 22, "time_epoch": 9.84198, "eta": 277.03329, "eta_hours": 0.07695, "loss": 1.50951185, "lr": 0.00079389, "params": 1296262, "time_iter": 1.23025, "accuracy": 0.37083, "f1": 0.36008, "auc": 0.73894}
{"epoch": 23, "time_epoch": 9.13631, "eta": 265.55493, "eta_hours": 0.07377, "loss": 1.46976638, "lr": 0.00076125, "params": 1296262, "time_iter": 1.14204, "accuracy": 0.39375, "f1": 0.38447, "auc": 0.75691}
{"epoch": 24, "time_epoch": 9.41947, "eta": 254.5471, "eta_hours": 0.07071, "loss": 1.48975867, "lr": 0.000727, "params": 1296262, "time_iter": 1.17743, "accuracy": 0.4125, "f1": 0.39745, "auc": 0.75345}
{"epoch": 25, "time_epoch": 9.43582, "eta": 243.67654, "eta_hours": 0.06769, "loss": 1.46149882, "lr": 0.00069134, "params": 1296262, "time_iter": 1.17948, "accuracy": 0.40625, "f1": 0.39892, "auc": 0.76371}
{"epoch": 26, "time_epoch": 8.33474, "eta": 231.9743, "eta_hours": 0.06444, "loss": 1.46000031, "lr": 0.00065451, "params": 1296262, "time_iter": 1.04184, "accuracy": 0.40833, "f1": 0.4026, "auc": 0.76672}
{"epoch": 27, "time_epoch": 7.93513, "eta": 220.19862, "eta_hours": 0.06117, "loss": 1.42219605, "lr": 0.00061672, "params": 1296262, "time_iter": 0.99189, "accuracy": 0.425, "f1": 0.41875, "auc": 0.77406}
{"epoch": 28, "time_epoch": 8.99384, "eta": 209.45445, "eta_hours": 0.05818, "loss": 1.41932438, "lr": 0.00057822, "params": 1296262, "time_iter": 1.12423, "accuracy": 0.43958, "f1": 0.43739, "auc": 0.77072}
{"epoch": 29, "time_epoch": 8.38235, "eta": 198.41932, "eta_hours": 0.05512, "loss": 1.41286722, "lr": 0.00053923, "params": 1296262, "time_iter": 1.04779, "accuracy": 0.44167, "f1": 0.43771, "auc": 0.77952}
{"epoch": 30, "time_epoch": 8.00466, "eta": 187.32384, "eta_hours": 0.05203, "loss": 1.388115, "lr": 0.0005, "params": 1296262, "time_iter": 1.00058, "accuracy": 0.43958, "f1": 0.43585, "auc": 0.79002}
{"epoch": 31, "time_epoch": 8.83001, "eta": 176.8858, "eta_hours": 0.04913, "loss": 1.40099835, "lr": 0.00046077, "params": 1296262, "time_iter": 1.10375, "accuracy": 0.4375, "f1": 0.43201, "auc": 0.78259}
{"epoch": 32, "time_epoch": 7.39244, "eta": 165.80465, "eta_hours": 0.04606, "loss": 1.37609626, "lr": 0.00042178, "params": 1296262, "time_iter": 0.92405, "accuracy": 0.44583, "f1": 0.44029, "auc": 0.79175}
{"epoch": 33, "time_epoch": 7.03731, "eta": 154.77336, "eta_hours": 0.04299, "loss": 1.37223141, "lr": 0.00038328, "params": 1296262, "time_iter": 0.87966, "accuracy": 0.45, "f1": 0.44119, "auc": 0.79579}
{"epoch": 34, "time_epoch": 6.50233, "eta": 143.74102, "eta_hours": 0.03993, "loss": 1.38464669, "lr": 0.00034549, "params": 1296262, "time_iter": 0.81279, "accuracy": 0.44583, "f1": 0.44153, "auc": 0.79053}
{"epoch": 35, "time_epoch": 7.32608, "eta": 133.2807, "eta_hours": 0.03702, "loss": 1.37622931, "lr": 0.00030866, "params": 1296262, "time_iter": 0.91576, "accuracy": 0.42708, "f1": 0.42246, "auc": 0.79009}
{"epoch": 36, "time_epoch": 6.61308, "eta": 122.73928, "eta_hours": 0.03409, "loss": 1.3380821, "lr": 0.000273, "params": 1296262, "time_iter": 0.82663, "accuracy": 0.46875, "f1": 0.46432, "auc": 0.80494}
{"epoch": 37, "time_epoch": 6.58814, "eta": 112.39675, "eta_hours": 0.03122, "loss": 1.33048862, "lr": 0.00023875, "params": 1296262, "time_iter": 0.82352, "accuracy": 0.44583, "f1": 0.44171, "auc": 0.80729}
{"epoch": 38, "time_epoch": 6.84515, "eta": 102.31923, "eta_hours": 0.02842, "loss": 1.35203506, "lr": 0.00020611, "params": 1296262, "time_iter": 0.85564, "accuracy": 0.45625,