{"epoch": 0, "time_epoch": 717.05917, "eta": 5019.41422, "eta_hours": 1.39428, "loss": 0.72690533, "lr": 0.0, "params": 504539, "time_iter": 8.43599, "mae": 0.72691, "r2": -0.23801, "spearmanr": -0.04568, "mse": 1.25063, "rmse": 1.11533}
{"epoch": 1, "time_epoch": 879.49199, "eta": 4789.6535, "eta_hours": 1.33046, "loss": 0.52003854, "lr": 6e-05, "params": 504539, "time_iter": 10.34696, "mae": 0.52004, "r2": 0.21736, "spearmanr": 0.70184, "mse": 0.79138, "rmse": 0.88626}
{"epoch": 2, "time_epoch": 811.1217, "eta": 4012.78811, "eta_hours": 1.11466, "loss": 0.40227179, "lr": 0.00012, "params": 504539, "time_iter": 9.54261, "mae": 0.40227, "r2": 0.39982, "spearmanr": 0.8592, "mse": 0.60704, "rmse": 0.77234}
{"epoch": 3, "time_epoch": 826.38987, "eta": 3234.06273, "eta_hours": 0.89835, "loss": 0.37556823, "lr": 0.00018, "params": 504539, "time_iter": 9.72223, "mae": 0.37557, "r2": 0.4561, "spearmanr": 0.87245, "mse": 0.55007, "rmse": 0.7343}
{"epoch": 4, "time_epoch": 726.72998, "eta": 2376.47563, "eta_hours": 0.66013, "loss": 0.357221, "lr": 0.00024, "params": 504539, "time_iter": 8.54976, "mae": 0.35722, "r2": 0.50421, "spearmanr": 0.8772, "mse": 0.50135, "rmse": 0.69957}
{"epoch": 5, "time_epoch": 786.36777, "eta": 1582.38683, "eta_hours": 0.43955, "loss": 0.33698904, "lr": 0.0003, "params": 504539, "time_iter": 9.25139, "mae": 0.33699, "r2": 0.5529, "spearmanr": 0.88182, "mse": 0.45203, "rmse": 0.66218}
{"epoch": 6, "time_epoch": 752.13488, "eta": 785.61362, "eta_hours": 0.21823, "loss": 0.31997621, "lr": 0.000225, "params": 504539, "time_iter": 8.84865, "mae": 0.31998, "r2": 0.59448, "spearmanr": 0.88675, "mse": 0.4099, "rmse": 0.62828}
{"epoch": 7, "time_epoch": 706.74583, "eta": 0.0, "eta_hours": 0.0, "loss": 0.30981312, "lr": 7.5e-05, "params": 504539, "time_iter": 8.31466, "mae": 0.30981, "r2": 0.61631, "spearmanr": 0.8893, "mse": 0.38779, "rmse": 0.60956}
